Date,Close/Last,Volume,Open,High,Low,Day
02/21/2025,216.58,55323850,223.28,223.31,214.74,1256
02/20/2025,222.88,30001670,224.775,225.13,221.81,1255
02/19/2025,226.63,28566710,225.52,226.83,223.71,1254
02/18/2025,226.65,42975130,228.82,229.3,223.72,1253
02/14/2025,228.68,27031080,229.2,229.89,227.23,1252
02/13/2025,230.37,31346510,228.85,230.42,227.52,1251
02/12/2025,228.93,32285250,230.46,231.18,228.16,1250
02/11/2025,232.76,23713730,231.92,233.44,230.13,1249
02/10/2025,233.14,35419930,230.545,233.92,229.2,1248
02/07/2025,229.15,77539280,232.5,234.81,228.06,1247
02/06/2025,238.83,60897100,238.01,239.6599,236.01,1246
02/05/2025,236.17,38832040,237.02,238.32,235.2,1245
02/04/2025,242.06,29713810,239.01,242.52,238.03,1244
02/03/2025,237.42,37285870,234.06,239.25,232.9,1243
01/31/2025,237.68,36162380,236.5,240.29,236.41,1242
01/30/2025,234.64,32020730,237.14,237.95,232.22,1241
01/29/2025,237.07,26091720,239.015,240.39,236.15,1240
01/28/2025,238.15,41587190,234.29,241.77,233.98,1239
01/27/2025,235.42,49428330,226.21,235.61,225.86,1238
01/24/2025,234.85,25890740,234.5,236.4,232.93,1237
01/23/2025,235.42,26404360,234.1,235.52,231.51,1236
01/22/2025,235.01,41448220,232.02,235.44,231.19,1235
01/21/2025,230.71,39951460,228.9,231.78,226.94,1234
01/17/2025,225.94,42370120,225.84,226.51,223.08,1233
01/16/2025,220.66,24757280,224.42,224.65,220.31,1232
01/15/2025,223.35,31291260,222.83,223.57,220.75,1231
01/14/2025,217.76,24711650,220.44,221.82,216.2,1230
01/13/2025,218.46,27262660,218.06,219.4,216.47,1229
01/10/2025,218.94,36811530,221.46,221.71,216.5,1228
01/08/2025,222.13,25033290,223.185,223.52,220.2,1227
01/07/2025,222.11,28084160,227.9,228.381,221.46,1226
01/06/2025,227.61,31849830,226.78,228.835,224.84,1225
01/03/2025,224.19,27515610,222.505,225.36,221.62,1224
01/02/2025,220.22,33956580,222.03,225.15,218.19,1223
12/31/2024,219.39,24819660,222.965,223.2299,218.94,1222
12/30/2024,221.3,28321240,220.06,222.9972,218.43,1221
12/27/2024,223.75,27367150,225.6,226.03,220.9,1220
12/26/2024,227.05,16174500,228.5,228.5,226.6706,1219
12/24/2024,229.05,15007500,226.94,229.14,226.13,1218
12/23/2024,225.06,28070010,225.01,226.88,223.9,1217
12/20/2024,224.92,88279180,219.84,226.21,218.73,1216
12/19/2024,223.29,39918740,224.91,226.09,222.92,1215
12/18/2024,220.52,43281440,230.77,231.3999,220.11,1214
12/17/2024,231.15,35948130,232.39,232.73,227.85,1213
12/16/2024,232.93,37552100,230.23,233,228.01,1212
12/13/2024,227.46,28768080,228.4,230.2,225.8608,1211
12/12/2024,228.97,28204080,229.83,231.09,227.63,1210
12/11/2024,230.26,35385790,226.41,231.2,226.26,1209
12/10/2024,225.04,31199860,226.09,229.06,224.2002,1208
12/09/2024,226.09,46819360,227.21,230.08,225.67,1207
12/06/2024,227.03,44178070,220.75,227.15,220.6,1206
12/05/2024,220.55,41140220,218.03,222.15,217.3,1205
12/04/2024,218.16,48745720,215.96,220,215.75,1204
12/03/2024,213.44,32214830,210.31,214.02,209.65,1203
12/02/2024,210.71,39523190,209.96,212.99,209.5101,1202
11/29/2024,207.89,24892450,205.83,208.2,204.59,1201
11/27/2024,205.74,28061640,206.98,207.64,205.05,1200
11/26/2024,207.86,41673740,201.9,208,201.79,1199
11/25/2024,201.45,40685670,199.28,201.9499,199,1198
11/22/2024,197.12,31530840,198.25,199.2599,196.75,1197
11/21/2024,198.38,58800040,203.49,203.49,195.75,1196
11/20/2024,202.88,32768990,202.98,203.13,199.45,1195
11/19/2024,204.61,31197870,199.33,205.3,198.78,1194
11/18/2024,201.7,36512470,204.15,204.67,200.95,1193
11/15/2024,202.61,86591140,206.76,207.34,199.61,1192
11/14/2024,211.48,42620310,214.16,215.9,210.88,1191
11/13/2024,214.1,46212940,209.4,215.09,209.14,1190
11/12/2024,208.91,38942920,208.37,209.54,206.01,1189
11/11/2024,206.84,35456010,208.5,209.65,205.59,1188
11/08/2024,208.18,36075850,209.72,209.9633,207.44,1187
11/07/2024,210.05,52878380,207.44,212.25,207.19,1186
11/06/2024,207.09,72292170,200.01,207.55,199.14,1185
11/05/2024,199.5,30564780,196.04,199.82,195.99,1184
11/04/2024,195.78,38492060,196.45,197.33,194.3101,1183
11/01/2024,197.93,99687850,199,200.5,197.02,1182
10/31/2024,186.4,75146760,190.51,190.6,185.23,1181
10/30/2024,192.73,37707550,194.695,195.61,192.42,1180
10/29/2024,190.83,35690160,188.58,191.4599,187.815,1179
10/28/2024,188.39,27930840,189.565,190.21,188.21,1178
10/25/2024,187.83,29362060,187.85,190.45,187.53,1177
10/24/2024,186.38,21647400,185.25,187.11,183.86,1176
10/23/2024,184.71,31937090,188.85,189.16,183.69,1175
10/22/2024,189.7,29650590,188.35,191.5201,186.975,1174
10/21/2024,189.07,24639390,188.05,189.46,186.4,1173
10/18/2024,188.99,37417670,187.15,190.74,186.28,1172
10/17/2024,187.53,25039410,188.22,188.94,186,1171
10/16/2024,186.89,23456810,187.05,187.78,185.61,1170
10/15/2024,187.69,32178930,187.63,188.41,184.58,1169
10/14/2024,187.54,22614410,189.78,189.83,187.36,1168
10/11/2024,188.82,25751560,186.63,189.9284,186.3,1167
10/10/2024,186.65,27785040,187.13,188.134,185.83,1166
10/09/2024,185.17,26343120,182.82,185.845,182.05,1165
10/08/2024,182.72,26372090,181.915,183.09,180.92,1164
10/07/2024,180.8,42364200,182.95,183.6,180.25,1163
10/04/2024,186.51,41079010,185.75,187.6,183.6,1162
10/03/2024,181.96,30204300,183.045,183.44,180.875,1161
10/02/2024,184.76,23704060,184.44,186.6,184.04,1160
10/01/2024,185.13,36044910,184.9,186.19,183.4519,1159
09/30/2024,186.33,41680400,187.14,188.49,184.65,1158
09/27/2024,187.97,36002320,190.68,190.9,187.34,1157
09/26/2024,191.16,36334850,194.31,194.53,189.54,1156
09/25/2024,192.53,26391140,193.75,193.9498,192.16,1155
09/24/2024,193.96,43478930,194.27,195.37,190.13,1154
09/23/2024,193.88,36993110,191.64,194.45,190.57,1153
09/20/2024,191.6,100378600,190.23,191.84,187.41,1152
09/19/2024,189.87,39543170,190.04,190.99,188.47,1151
09/18/2024,186.43,34448130,186.45,188.8,185.06,1150
09/17/2024,186.88,26091680,186.85,189.45,186.14,1149
09/16/2024,184.89,26065490,185.29,185.81,183.36,1148
09/13/2024,186.49,26495350,187,188.5,185.91,1147
09/12/2024,187,33622480,184.8,187.41,183.54,1146
09/11/2024,184.52,42564700,180.095,184.99,175.73,1145
09/10/2024,179.55,36233800,177.49,180.5,176.79,1144
09/09/2024,175.4,29037360,174.53,175.85,173.51,1143
09/06/2024,171.39,41466540,177.24,178.38,171.16,1142
09/05/2024,177.89,40170530,175,179.875,174.995,1141
09/04/2024,173.33,30309230,174.48,175.98,172.54,1140
09/03/2024,176.25,37817510,177.55,178.26,175.26,1139
08/30/2024,178.5,43429360,172.78,178.9,172.6,1138
08/29/2024,172.12,26407820,173.22,174.29,170.81,1137
08/28/2024,170.8,29045030,173.69,173.69,168.92,1136
08/27/2024,173.12,29841980,174.15,174.89,172.25,1135
08/26/2024,175.5,22366240,176.7,177.4682,174.3,1134
08/23/2024,177.04,29150090,177.34,178.9699,175.24,1133
08/22/2024,176.13,32047480,181.38,181.47,175.68,1132
08/21/2024,180.11,35599120,179.92,182.385,178.8937,1131
08/20/2024,178.88,26255200,177.92,179.01,177.4308,1130
08/19/2024,178.22,31129810,177.64,178.3,176.16,1129
08/16/2024,177.06,31489180,177.04,178.34,176.2601,1128
08/15/2024,177.59,51698510,174.86,177.91,173.99,1127
08/14/2024,170.1,28843800,172.11,172.28,168.86,1126
08/13/2024,170.23,39237920,167.81,171.04,167.1,1125
08/12/2024,166.8,30072790,168.14,168.55,166.1101,1124
08/09/2024,166.94,36401050,166.4,168.55,165.85,1123
08/08/2024,165.8,44616210,165.165,166.6899,162.55,1122
08/07/2024,162.77,48408240,166.55,167.58,161.43,1121
08/06/2024,161.93,59950830,161.71,165.08,158.5404,1120
08/05/2024,161.02,83149440,154.21,162.96,151.61,1119
08/02/2024,167.9,141448400,166.75,168.77,160.55,1118
08/01/2024,184.07,70435640,189.285,190.6,181.87,1117
07/31/2024,186.98,41667330,185.05,187.94,184.46,1116
07/30/2024,181.71,39508570,184.72,185.86,179.38,1115
07/29/2024,183.2,33270120,183.84,184.75,182.38,1114
07/26/2024,182.5,29505960,180.39,183.19,180.24,1113
07/25/2024,179.85,44464160,182.91,183.8958,176.8,1112
07/24/2024,180.83,41532360,183.2,185.45,180.41,1111
07/23/2024,186.41,47537670,184.1,189.39,183.56,1110
07/22/2024,182.55,39931920,185,185.06,182.48,1109
07/19/2024,183.13,43081830,181.14,184.93,180.11,1108
07/18/2024,183.75,51043630,189.59,189.68,181.448,1107
07/17/2024,187.93,48076140,191.35,191.58,185.99,1106
07/16/2024,193.02,33994710,195.59,196.62,192.24,1105
07/15/2024,192.72,40683230,194.56,196.19,190.83,1104
07/12/2024,194.49,30598530,194.8,196.47,193.8301,1103
07/11/2024,195.05,44565040,200.09,200.2699,192.86,1102
07/10/2024,199.79,32883750,199.995,200.11,197.69,1101
07/09/2024,199.34,32756740,199.4,200.57,199.045,1100
07/08/2024,199.29,34767260,200.04,201.2,197.96,1099
07/05/2024,200,39858890,198.65,200.55,198.17,1098
07/03/2024,197.59,31597930,199.94,200.029,196.7601,1097
07/02/2024,200,45600010,197.28,200.43,195.93,1096
07/01/2024,197.2,41192010,193.49,198.2957,192.82,1095
06/28/2024,193.25,76930190,197.73,198.85,192.5,1094
06/27/2024,197.85,74397490,195.005,199.84,194.2,1093
06/26/2024,193.61,65103890,186.92,194.8,186.26,1092
06/25/2024,186.34,45898480,186.81,188.84,185.42,1091
06/24/2024,185.57,50610380,189.33,191,185.33,1090
06/21/2024,189.08,72931750,187.8,189.275,185.86,1089
06/20/2024,186.1,44726780,182.91,186.51,182.72,1088
06/18/2024,182.81,36659160,183.735,184.29,181.43,1087
06/17/2024,184.06,35601910,182.52,185,181.22,1086
06/14/2024,183.66,25456410,183.08,183.72,182.23,1085
06/13/2024,183.83,39721550,186.09,187.67,182.666,1084
06/12/2024,186.89,33984220,188.015,188.35,185.43,1083
06/11/2024,187.23,27265110,187.06,187.77,184.5373,1082
06/10/2024,187.06,34494500,184.07,187.23,183.79,1081
06/07/2024,184.3,28021470,184.9,186.2888,183.36,1080
06/06/2024,185,31371150,181.745,185,181.49,1079
06/05/2024,181.28,32116390,180.1,181.5,178.75,1078
06/04/2024,179.34,27198390,177.64,179.82,176.44,1077
06/03/2024,178.34,30786640,177.7,178.7,175.92,1076
05/31/2024,176.44,58903940,178.3,179.21,173.87,1075
05/30/2024,179.32,29249230,181.31,181.34,178.355,1074
05/29/2024,182.02,32009290,181.7,184.08,181.55,1073
05/28/2024,182.15,29926960,179.93,182.24,179.49,1072
05/24/2024,180.75,27471640,181.65,182.435,180.3,1071
05/23/2024,181.05,33670170,183.66,184.76,180.08,1070
05/22/2024,183.13,28148780,183.88,185.22,181.9715,1069
05/21/2024,183.15,50839130,182.3,183.26,180.75,1068
05/20/2024,183.54,30511770,184.34,186.665,183.28,1067
05/17/2024,184.7,33175660,183.76,185.3,183.35,1066
05/16/2024,183.63,38834450,185.6,187.31,183.46,1065
05/15/2024,185.99,75459930,185.97,186.7193,182.73,1064
05/14/2024,187.07,38698160,183.82,187.72,183.45,1063
05/13/2024,186.57,24898610,188,188.31,185.36,1062
05/10/2024,187.48,34141770,189.16,189.892,186.93,1061
05/09/2024,189.5,43368380,188.88,191.7,187.44,1060
05/08/2024,188,26136350,187.44,188.43,186.385,1059
05/07/2024,188.76,34048900,188.92,189.94,187.305,1058
05/06/2024,188.7,34725300,186.28,188.745,184.8,1057
05/03/2024,186.21,39172000,186.99,187.87,185.42,1056
05/02/2024,184.72,54303510,180.85,185.1,179.91,1055
05/01/2024,179,94645150,181.635,185.15,176.56,1054
04/30/2024,175,94639790,181.09,182.99,174.8,1053
04/29/2024,180.96,54063940,182.75,183.53,179.39,1052
04/26/2024,179.62,43919770,177.795,180.82,176.13,1051
04/25/2024,173.67,49249390,169.68,173.92,166.32,1050
04/24/2024,176.59,34185110,179.94,180.323,176.18,1049
04/23/2024,179.54,37046520,178.08,179.93,175.975,1048
04/22/2024,177.23,37924890,176.94,178.87,174.56,1047
04/19/2024,174.63,56000730,178.74,179,173.44,1046
04/18/2024,179.22,30723790,181.47,182.39,178.65,1045
04/17/2024,181.28,31359670,184.31,184.57,179.82,1044
04/16/2024,183.32,32891270,183.27,184.83,182.26,1043
04/15/2024,183.62,48052400,187.425,188.69,183,1042
04/12/2024,186.13,38608850,187.72,188.38,185.08,1041
04/11/2024,189.05,40020740,186.74,189.77,185.51,1040
04/10/2024,185.95,35879150,182.765,186.2699,182.67,1039
04/09/2024,185.67,36546950,187.24,187.34,184.2,1038
04/08/2024,185.19,39221280,186.9,187.29,184.81,1037
04/05/2024,185.07,42373990,182.38,186.27,181.97,1036
04/04/2024,180,41624260,184,185.1,180,1035
04/03/2024,182.41,31046640,179.9,182.87,179.8,1034
04/02/2024,180.69,32611550,179.07,180.79,178.3762,1033
04/01/2024,180.97,29174520,180.79,183,179.95,1032
03/28/2024,180.38,38051590,180.17,181.7,179.26,1031
03/27/2024,179.83,33272550,179.88,180,177.3099,1030
03/26/2024,178.3,29658980,180.15,180.45,177.95,1029
03/25/2024,179.71,29815460,178.01,180.99,177.24,1028
03/22/2024,178.87,27995380,177.752,179.255,176.75,1027
03/21/2024,178.15,32824320,179.988,181.415,178.15,1026
03/20/2024,178.15,29947150,176.14,178.53,174.64,1025
03/19/2024,175.9,26880890,174.215,176.09,173.52,1024
03/18/2024,174.48,31250690,175.8,176.69,174.28,1023
03/15/2024,174.42,72147390,176.64,177.93,173.9,1022
03/14/2024,178.75,43705840,177.69,179.53,176.465,1021
03/13/2024,176.555,30772600,175.9,177.62,175.55,1020
03/12/2024,175.39,36610600,173.5,176.76,171.98,1019
03/11/2024,171.96,28484780,174.31,174.47,171.47,1018
03/08/2024,175.35,37893240,176.44,178.785,174.33,1017
03/07/2024,176.82,34063280,174.83,177.99,173.72,1016
03/06/2024,173.51,32090930,175.54,176.46,173.26,1015
03/05/2024,174.12,37228340,176.93,176.93,173.303,1014
03/04/2024,177.58,37381520,177.53,180.14,177.49,1013
03/01/2024,178.22,31981150,176.75,178.725,176.07,1012
02/29/2024,176.76,53805360,173.01,177.22,172.85,1011
02/28/2024,173.16,28180480,172.44,174.05,172.27,1010
02/27/2024,173.54,31141730,174.075,174.62,172.86,1009
02/26/2024,174.73,44368610,175.7,176.37,174.26,1008
02/23/2024,174.99,59715240,174.28,175.75,173.7,1007
02/22/2024,174.58,55392350,173.1,174.8,171.77,1006
02/21/2024,168.59,44575620,168.94,170.23,167.14,1005
02/20/2024,167.08,41980330,167.83,168.71,165.74,1004
02/16/2024,169.51,48107740,168.74,170.42,167.17,1003
02/15/2024,169.8,49855200,170.58,171.17,167.59,1002
02/14/2024,170.98,42815540,169.21,171.21,168.28,1001
02/13/2024,168.64,56345120,167.73,170.95,165.75,1000
02/12/2024,172.34,51050440,174.8,175.39,171.54,999
02/09/2024,174.45,56985990,170.9,175,170.5803,998
02/08/2024,169.84,42316450,169.65,171.43,168.88,997
02/07/2024,170.53,47174060,169.48,170.88,168.94,996
02/06/2024,169.15,42505520,169.39,170.71,167.65,995
02/05/2024,170.31,55081300,170.2,170.55,167.7,994
02/02/2024,171.81,117218300,169.19,172.5,167.33,993
02/01/2024,159.28,76542420,155.87,159.76,155.62,992
01/31/2024,155.2,50284370,157,159.01,154.81,991
01/30/2024,159,45207430,160.7,161.73,158.49,990
01/29/2024,161.26,45270390,159.34,161.29,158.9,989
01/26/2024,159.12,51047350,158.42,160.72,157.91,988
01/25/2024,157.75,43638590,156.95,158.505,154.5501,987
01/24/2024,156.87,48547320,157.8,158.51,156.48,986
01/23/2024,156.02,37986040,154.85,156.21,153.93,985
01/22/2024,154.78,43687470,156.89,157.05,153.9,984
01/19/2024,155.34,51651630,153.83,155.76,152.74,983
01/18/2024,153.5,37850250,152.77,153.775,151.82,982
01/17/2024,151.71,34953360,151.49,152.15,149.91,981
01/16/2024,153.16,41384640,153.53,154.99,152.15,980
01/12/2024,154.62,40484160,155.39,156.2,154.01,979
01/11/2024,155.18,49072690,155.04,157.17,153.12,978
01/10/2024,153.73,44421830,152.06,154.42,151.881,977
01/09/2024,151.37,43812570,148.33,151.71,148.21,976
01/08/2024,149.1,46757050,146.74,149.4,146.15,975
01/05/2024,145.24,45153150,144.69,146.59,144.53,974
01/04/2024,144.57,56039810,145.59,147.38,144.05,973
01/03/2024,148.47,49425500,149.2,151.05,148.33,972
01/02/2024,149.93,47339420,151.54,152.38,148.39,971
12/29/2023,151.94,39823200,153.1,153.89,151.03,970
12/28/2023,153.38,27057000,153.72,154.08,152.95,969
12/27/2023,153.34,31434730,153.56,154.78,153.12,968
12/26/2023,153.41,25067220,153.56,153.975,153.03,967
12/22/2023,153.42,29514090,153.77,154.35,152.71,966
12/21/2023,153.84,36305730,153.3,153.97,152.1,965
12/20/2023,152.12,50322110,152.9,155.63,151.56,964
12/19/2023,153.79,43171290,154.4,155.12,152.69,963
12/18/2023,154.07,62512830,150.56,154.855,150.05,962
12/15/2023,149.97,110089300,148.38,150.57,147.88,961
12/14/2023,147.42,58400850,149.93,150.54,145.52,960
12/13/2023,148.84,52766200,148.12,149.46,146.82,959
12/12/2023,147.48,44944260,145.52,147.5,145.3,958
12/11/2023,145.89,50907290,145.66,146.19,143.64,957
12/08/2023,147.42,41905970,145.48,147.84,145.4,956
12/07/2023,146.88,52352830,146.15,147.92,145.34,955
12/06/2023,144.52,39678960,147.58,147.85,144.28,954
12/05/2023,146.88,46822410,143.55,148.57,143.13,953
12/04/2023,144.84,48294240,145.25,145.35,142.81,952
12/01/2023,147.03,39951830,146,147.245,145.55,951
11/30/2023,146.09,65814020,144.76,146.93,144.332,950
11/29/2023,146.32,40610910,147.85,148.54,145.97,949
11/28/2023,147.03,42711680,146.98,147.5999,145.53,948
11/27/2023,147.73,53762430,147.53,149.26,146.88,947
11/24/2023,146.74,22378380,146.7,147.2,145.32,946
11/22/2023,146.71,45700000,144.57,147.74,144.57,945
11/21/2023,143.9,71225990,143.91,144.05,141.5,944
11/20/2023,146.13,41978770,145.13,146.63,144.725,943
11/17/2023,145.18,49678440,142.66,145.23,142.545,942
11/16/2023,142.83,49653510,140.91,143.32,139.52,941
11/15/2023,143.2,63875720,147.06,147.29,142.59,940
11/14/2023,145.8,56674550,145,147.26,144.68,939
11/13/2023,142.59,35680570,142.08,143.23,140.67,938
11/10/2023,143.56,49349940,140.46,143.65,139.91,937
11/09/2023,140.6,36235370,142.02,142.65,139.84,936
11/08/2023,142.08,44521660,142.97,143.12,141.2183,935
11/07/2023,142.71,53553540,140.55,143.37,140.5,934
11/06/2023,139.74,44970420,138.76,140.73,138.36,933
11/03/2023,138.6,44059810,138.99,139.49,137.45,932
11/02/2023,138.07,52236690,138.73,138.81,136.47,931
11/01/2023,137,61529410,133.96,137.35,133.71,930
10/31/2023,133.09,51589380,132.75,133.57,131.71,929
10/30/2023,132.71,72485540,129.72,133,128.56,928
10/27/2023,127.74,125309300,126.2,130.02,125.52,927
10/26/2023,119.57,100419500,120.63,121.6393,118.35,926
10/25/2023,121.39,74577540,126.04,126.34,120.79,925
10/24/2023,128.56,46477360,127.74,128.8,126.34,924
10/23/2023,126.56,48259950,124.63,127.88,123.98,923
10/20/2023,125.17,56406410,128.05,128.17,124.97,922
10/19/2023,128.4,60961360,130.565,132.24,127.47,921
10/18/2023,128.13,42699480,129.9,130.6699,127.51,920
10/17/2023,131.47,49344550,130.39,132.58,128.71,919
10/16/2023,132.55,42832920,130.69,133.07,130.425,918
10/13/2023,129.79,45824690,132.98,133.3145,128.95,917
10/12/2023,132.33,55528580,132.17,134.48,131.23,916
10/11/2023,131.83,40741840,129.74,132.05,129.61,915
10/10/2023,129.48,42178620,128.82,130.74,128.05,914
10/09/2023,128.26,38773740,126.22,128.79,124.76,913
10/06/2023,127.96,46836700,124.16,128.45,124.13,912
10/05/2023,125.96,39660640,126.71,126.73,124.33,911
10/04/2023,127,44203870,126.06,127.36,125.68,910
10/03/2023,124.72,51564990,128.06,128.52,124.2544,909
10/02/2023,129.46,48029740,127.28,130.47,126.54,908
09/29/2023,127.12,62411730,128.2,129.15,126.32,907
09/28/2023,125.98,54554970,124.04,126.5801,123.04,906
09/27/2023,125.98,66553450,125.76,127.48,124.13,905
09/26/2023,125.98,73048210,130.12,130.39,125.28,904
09/25/2023,131.27,46017830,129.36,131.78,128.77,903
09/22/2023,129.12,59904350,131.11,132.03,128.52,902
09/21/2023,129.33,70343340,131.94,132.24,129.31,901
09/20/2023,135.29,46263720,138.55,139.37,135.2,900
09/19/2023,137.63,61482470,138.7,138.84,135.56,899
09/18/2023,139.98,42823480,140.48,141.75,139.22,898
09/15/2023,140.39,102909300,142.69,143.57,140.09,897
09/14/2023,144.72,64033610,145.08,145.86,142.95,896
09/13/2023,144.85,60465180,140.95,144.98,140.865,895
09/12/2023,141.23,42668450,142.32,143,140.61,894
09/11/2023,143.1,56764530,138.75,143.62,138.64,893
09/08/2023,138.23,38365930,136.86,138.8519,136.75,892
09/07/2023,137.85,48498910,133.9,138.03,133.16,891
09/06/2023,135.36,41785510,136.32,137.45,134.61,890
09/05/2023,137.27,40636740,137.73,137.8,135.82,889
09/01/2023,138.12,40991540,139.455,139.96,136.875,888
08/31/2023,138.01,58781310,135.06,138.7885,135,887
08/30/2023,135.07,36137020,134.93,135.68,133.92,886
08/29/2023,134.91,38646090,133.38,135.14,133.25,885
08/28/2023,133.14,34108410,133.78,133.95,131.85,884
08/25/2023,133.26,44147450,132.47,133.87,130.58,883
08/24/2023,131.84,43646250,136.4,136.775,131.83,882
08/23/2023,135.52,42801040,134.5,135.95,133.22,881
08/22/2023,134.25,32935100,135.08,135.65,133.73,880
08/21/2023,134.68,41442480,133.74,135.185,132.71,879
08/18/2023,133.22,48497700,131.62,134.065,131.15,878
08/17/2023,133.98,48354090,135.46,136.085,133.53,877
08/16/2023,135.07,41675900,137.19,137.27,135.01,876
08/15/2023,137.67,42781520,140.05,141.2778,137.23,875
08/14/2023,140.57,47148700,138.3,140.59,137.75,874
08/11/2023,138.41,42905830,137.4,139.33,137,873
08/10/2023,138.56,58928400,139.075,140.41,137.49,872
08/09/2023,137.85,50017350,139.97,140.32,137.1,871
08/08/2023,139.94,51710500,140.62,140.84,138.42,870
08/07/2023,142.22,71213110,140.99,142.54,138.95,869
08/04/2023,139.57,153128500,141.06,143.63,139.32,868
08/03/2023,128.91,91163740,127.48,129.84,126.41,867
08/02/2023,128.21,51027610,130.154,130.23,126.82,866
08/01/2023,131.69,42298930,133.55,133.69,131.6199,865
07/31/2023,133.68,41901520,133.2,133.87,132.38,864
07/28/2023,132.21,46317380,129.69,133.01,129.33,863
07/27/2023,128.25,52610660,131,132.63,127.79,862
07/26/2023,128.15,53910090,126.51,129.08,126.11,861
07/25/2023,129.13,39236660,129.31,129.58,128.53,860
07/24/2023,128.8,45671540,130.305,131.66,128.35,859
07/21/2023,130,133307300,131.34,131.37,128.415,858
07/20/2023,129.96,59820580,134.07,134.7915,129.33,857
07/19/2023,135.36,54531040,133.39,135.99,132.53,856
07/18/2023,132.83,54969130,132.71,133.86,131.355,855
07/17/2023,133.56,48450200,134.56,135.62,133.21,854
07/14/2023,134.68,54487090,134.06,136.65,134.06,853
07/13/2023,134.3,61170880,134.04,134.67,132.71,852
07/12/2023,130.8,54022850,130.31,131.26,128.83,851
07/11/2023,128.78,49951460,127.75,129.77,127.35,850
07/10/2023,127.13,61889290,129.07,129.28,125.915,849
07/07/2023,129.78,41992250,128.59,130.97,128.1294,848
07/06/2023,128.36,40697850,128.25,128.73,127.37,847
07/05/2023,130.38,35895410,130.24,131.4,129.64,846
07/03/2023,130.22,27939570,130.82,131.85,130.065,845
06/30/2023,130.36,54350680,129.47,131.245,128.95,844
06/29/2023,127.9,40760960,128.77,129.26,127.255,843
06/28/2023,129.04,52149510,128.94,131.48,128.44,842
06/27/2023,129.18,46801010,128.63,130.085,127.55,841
06/26/2023,127.33,59989320,129.33,131.49,127.1,840
06/23/2023,129.33,71927780,129.11,130.84,128.28,839
06/22/2023,130.15,90354570,125.31,130.33,125.14,838
06/21/2023,124.83,52137670,125.64,126.73,123.85,837
06/20/2023,125.78,56930120,124.97,127.25,124.5,836
06/16/2023,125.49,84247100,127.71,127.9,125.3,835
06/15/2023,127.11,60458470,125.21,127.69,124.32,834
06/14/2023,126.42,52422460,126.7,126.95,124.12,833
06/13/2023,126.66,50564790,128.12,128.41,125.18,832
06/12/2023,126.57,51473380,124.02,126.78,123.53,831
06/09/2023,123.43,51396020,124.08,125.8,123.19,830
06/08/2023,124.25,62159270,123.01,125.625,122.2579,829
06/07/2023,121.23,95663280,127.01,127.365,120.63,828
06/06/2023,126.61,45695210,125.07,127.4,125,827
06/05/2023,125.3,47950130,123.36,125.8,123.03,826
06/02/2023,124.25,61264410,124.92,126.39,124.015,825
06/01/2023,122.77,54375130,120.69,123.49,119.93,824
05/31/2023,120.58,72800790,121.45,122.04,119.17,823
05/30/2023,121.66,64314810,122.37,122.92,119.855,822
05/26/2023,120.11,96779890,116.04,121.5,116.02,821
05/25/2023,115,66496680,116.63,116.87,114.31,820
05/24/2023,116.75,63487940,115.35,117.34,115.02,819
05/23/2023,114.99,67576260,114.27,117.14,113.78,818
05/22/2023,115.01,70741120,116.77,116.77,114.25,817
05/19/2023,116.25,55056310,118.16,118.31,115.7,816
05/18/2023,118.15,73174090,116.69,118.6,116.335,815
05/17/2023,115.5,65655180,114.89,115.83,114.22,814
05/16/2023,113.4,71472910,111.05,114.7899,111.05,813
05/15/2023,111.2,53011150,111.15,112.29,109.25,812
05/12/2023,110.26,49852670,112.16,112.64,109.3185,811
05/11/2023,112.18,74924840,111.03,113.28,110.49,810
05/10/2023,110.19,78627620,108.1,110.67,108.05,809
05/09/2023,106.62,44089360,105.48,106.79,105.1567,808
05/08/2023,105.83,49430910,105.04,106.095,104.7001,807
05/05/2023,105.655,56951740,104.27,105.76,103.55,806
05/04/2023,104,45345520,104.04,105.39,103.3117,805
05/03/2023,103.65,65051930,103.735,105.96,103.28,804
05/02/2023,103.63,73469350,101.47,103.9,101.15,803
05/01/2023,102.05,74728100,104.95,105.23,101.82,802
04/28/2023,105.45,130715900,107.73,109.48,104.33,801
04/27/2023,109.82,149961200,108.16,110.86,106.8,800
04/26/2023,104.98,73803790,105.04,106.62,104.1,799
04/25/2023,102.57,65026820,104.91,105.45,102.45,798
04/24/2023,106.21,69575610,107.655,109.23,105.07,797
04/21/2023,106.96,86774190,106.1,108.15,105.08,796
04/20/2023,103.81,57696870,103.53,105.25,103.21,795
04/19/2023,104.3,58398890,101.58,105.12,101.39,794
04/18/2023,102.3,39790520,103.95,104.2,101.52,793
04/17/2023,102.74,39919460,103.16,103.73,101.59,792
04/14/2023,102.51,51450520,102.07,103.2013,101.11,791
04/13/2023,102.4,67925140,98.95,102.57,98.71,790
04/12/2023,97.83,56735010,100.4,100.51,97.705,789
04/11/2023,99.92,60417850,100.8,101,99.01,788
04/10/2023,102.17,37261190,100.96,102.2,99.57,787
04/06/2023,102.06,43808020,100.75,102.3817,99.8008,786
04/05/2023,101.1,45175390,103.91,103.91,100.7506,785
04/04/2023,103.95,48662500,102.75,104.2,102.11,784
04/03/2023,102.41,41135730,102.3,103.29,101.43,783
03/31/2023,103.29,56750320,102.16,103.49,101.95,782
03/30/2023,102,53633400,101.55,103.04,101.01,781
03/29/2023,100.25,49783280,98.69,100.4218,98.56,780
03/28/2023,97.24,38720050,98.11,98.44,96.29,779
03/27/2023,98.04,46721300,99.07,99.34,97.08,778
03/24/2023,98.13,56144800,98.065,98.3,96.4,777
03/23/2023,98.71,57559310,100.43,101.06,97.62,776
03/22/2023,98.7,57475370,100.45,102.1,98.61,775
03/21/2023,100.61,58597280,98.14,100.845,98,774
03/20/2023,97.71,62388910,98.41,98.48,95.7,773
03/17/2023,98.95,87300240,99.79,100.66,97.455,772
03/16/2023,100.04,84558930,95.75,100.99,95.61,771
03/15/2023,96.2,70731790,93.22,96.67,93.07,770
03/14/2023,94.88,60912670,93.83,95.07,92.71,769
03/13/2023,92.43,72397050,89.97,94.02,88.12,768
03/10/2023,90.73,69827490,92.67,93.57,90.245,767
03/09/2023,92.25,56218710,93.68,96.21,92.18,766
03/08/2023,93.92,44899130,93.6,94.165,92.18,765
03/07/2023,93.55,49100670,94.06,95.09,92.78,764
03/06/2023,93.75,52112360,95.19,96.545,93.74,763
03/03/2023,94.9,55759610,92.74,94.94,92.66,762
03/02/2023,92.13,55574820,91.41,92.23,90.39,761
03/01/2023,92.17,52299520,93.87,94.68,91.59,760
02/28/2023,94.23,43959290,93.14,94.69,92.92,759
02/27/2023,93.76,47470320,94.28,94.78,93.14,758
02/24/2023,93.5,57053810,93.53,94.14,92.3186,757
02/23/2023,95.82,48466990,96.12,96.43,93.67,756
02/22/2023,95.79,59534090,95.1,97.01,94.8,755
02/21/2023,94.58,56580360,95.335,95.605,94.27,754
02/17/2023,97.2,60029410,97.8,97.94,95.65,753
02/16/2023,98.15,56339170,99.21,100.63,98.1,752
02/15/2023,101.16,48053880,99.09,101.17,98.45,751
02/14/2023,99.7,56202900,98.41,100.9207,97.52,750
02/13/2023,99.54,52841460,97.85,99.68,96.91,749
02/10/2023,97.61,52740130,97.56,98.8163,96.23,748
02/09/2023,98.24,64622490,101.32,101.78,97.57,747
02/08/2023,100.05,75878300,102.04,102.6699,98.775,746
02/07/2023,102.11,119501300,101.17,102.41,98.08,745
02/06/2023,102.18,81945200,102.925,103.9484,100.65,744
02/03/2023,103.39,144374800,105.26,108.78,102.52,743
02/02/2023,112.91,158154200,110.245,114,108.88,742
02/01/2023,105.15,80450120,102.53,106.24,101.24,741
01/31/2023,103.13,66527250,101.155,103.3484,101.14,740
01/30/2023,100.55,70691860,101.09,101.74,99.01,739
01/27/2023,102.24,87775610,99.53,103.485,99.53,738
01/26/2023,99.22,68523560,98.235,99.49,96.92,737
01/25/2023,97.18,94261570,92.56,97.24,91.52,736
01/24/2023,96.32,66929450,96.93,98.09,96,735
01/23/2023,97.52,76501100,97.56,97.78,95.86,734
01/20/2023,97.25,67481540,93.86,97.354,93.2025,733
01/19/2023,93.68,69002660,94.74,95.44,92.86,732
01/18/2023,95.46,79570370,97.25,99.32,95.38,731
01/17/2023,96.05,72755000,98.68,98.89,95.73,730
01/13/2023,98.12,85549430,94.18,98.37,94.12,729
01/12/2023,95.27,85254780,96.93,97.19,93.5,728
01/11/2023,95.09,103126200,90.93,95.26,90.93,727
01/10/2023,89.87,67756600,87.57,90.185,87.29,726
01/09/2023,87.36,65266060,87.46,89.48,87.08,725
01/06/2023,86.08,83303360,83.03,86.4,81.43,724
01/05/2023,83.12,67930830,85.33,85.42,83.07,723
01/04/2023,85.14,68885120,86.55,86.98,83.36,722
01/03/2023,85.82,76706040,85.46,86.96,84.205,721
12/30/2022,84,62401190,83.12,84.05,82.47,720
12/29/2022,84.18,54995900,82.87,84.55,82.55,719
12/28/2022,81.82,58228580,82.8,83.48,81.69,718
12/27/2022,83.04,57284040,84.97,85.35,83,717
12/23/2022,85.25,57433660,83.25,85.78,82.9344,716
12/22/2022,83.79,81431310,85.52,85.68,82.25,715
12/21/2022,86.77,59267160,86.175,87.225,85.21,714
12/20/2022,85.19,74348300,85.33,86.61,84.33,713
12/19/2022,84.92,83531460,87.51,87.63,84.51,712
12/16/2022,87.86,146144100,88.265,89.35,86.73,711
12/15/2022,88.45,84802880,89.89,89.97,87.47,710
12/14/2022,91.58,70298010,92.502,93.4581,89.87,709
12/13/2022,92.49,100212000,95.23,96.25,90.52,708
12/12/2022,90.55,61999760,89.21,90.58,87.87,707
12/09/2022,89.09,67398510,88.9,90.3,88.63,706
12/08/2022,90.35,73305890,89.24,90.86,87.88,705
12/07/2022,88.46,68086880,88.34,89.89,87.48,704
12/06/2022,88.25,75503630,90.5,91.04,87.9,703
12/05/2022,91.01,71535530,93.05,94.06,90.82,702
12/02/2022,94.13,72496390,94.475,95.36,93.78,701
12/01/2022,95.5,68487970,96.99,97.23,94.92,700
11/30/2022,96.54,102805800,92.47,96.54,91.525,699
11/29/2022,92.42,65567290,94.04,94.41,91.44,698
11/28/2022,93.95,75062320,93.93,96.4,93.43,697
11/25/2022,93.41,35088610,93.79,94.43,93.065,696
11/23/2022,94.13,59414680,93.24,94.58,92.83,695
11/22/2022,93.2,62191960,92.62,93.35,90.87,694
11/21/2022,92.46,84330270,93.97,95.02,90.59,693
11/18/2022,94.14,72428190,95.95,95.99,92.48,692
11/17/2022,94.85,82617870,95.37,96.97,94.03,691
11/16/2022,97.12,87958830,96.85,98.4879,95.54,690
11/15/2022,98.94,111336300,103.21,103.79,97.34,689
11/14/2022,98.49,99533070,98.77,100.1199,97.29,688
11/11/2022,100.79,111590500,97.88,101.19,96.66,687
11/10/2022,96.63,173414900,92.935,98.69,91.65,686
11/09/2022,86.14,90796250,89.47,89.48,85.87,685
11/08/2022,89.98,88703370,90.79,91.72,88.23,684
11/07/2022,90.53,77495730,91.95,92.1,89.04,683
11/04/2022,90.98,129101300,91.49,92.44,88.04,682
11/03/2022,89.3,136683300,92.47,93.5,89.02,681
11/02/2022,92.12,135761800,97.315,97.74,92.01,680
11/01/2022,96.79,153370000,103.99,104.58,96.06,679
10/31/2022,102.44,99251400,103.56,104.87,100.74,678
10/28/2022,103.41,223133400,97.905,103.96,97.66,677
10/27/2022,110.96,129605400,113.92,114.12,109.77,676
10/26/2022,115.66,69002460,116,119.3457,114.76,675
10/25/2022,120.6,50934610,119.65,121.3152,118.95,674
10/24/2022,119.82,49531520,119.98,120.39,116.57,673
10/21/2022,119.32,55660490,114.792,119.59,114.5,672
10/20/2022,115.25,48795100,113.83,118.24,113.51,671
10/19/2022,115.07,47198120,114.71,116.5932,113.22,670
10/18/2022,116.36,65607450,119.06,119.52,114.79,669
10/17/2022,113.79,62781990,110.11,114.19,110.09,668
10/14/2022,106.9,67737340,114.1,114.96,106.6,667
10/13/2022,112.53,86868100,107.88,113.44,105.345,666
10/12/2022,112.9,45728660,112.49,113.83,111.4,665
10/11/2022,112.21,56432230,112.71,115.48,110.39,664
10/10/2022,113.67,42339680,115.1,116.25,112.43,663
10/07/2022,114.56,54677980,118,118.17,113.88,662
10/06/2022,120.3,42253760,120.77,121.53,119.5,661
10/05/2022,120.95,48217540,118.58,121.75,117.69,660
10/04/2022,121.09,62812560,119.89,123,119.79,659
10/03/2022,115.88,50941850,113.58,116.91,112.45,658
09/30/2022,113,59479590,114.075,116.92,112.84,657
09/29/2022,114.8,58969710,115.6,116.07,113.06,656
09/28/2022,118.01,55763750,114.38,118.7,113.8,655
09/27/2022,114.41,60094690,117.195,118.32,113.05,654
09/26/2022,115.15,62723270,113.295,117.34,113.13,653
09/23/2022,113.78,65126670,116,116.05,112.06,652
09/22/2022,117.31,55229190,117.08,118.79,116.26,651
09/21/2022,118.54,58498890,122.49,123.76,118.45,650
09/20/2022,122.19,47698430,123.35,124.3963,121.14,649
09/19/2022,124.66,47279730,122.16,124.71,121.8,648
09/16/2022,123.53,115667800,122.78,123.87,120.7,647
09/15/2022,126.28,52887200,127.38,130.37,125.495,646
09/14/2022,128.55,45316770,127.364,128.84,126.33,645
09/13/2022,126.82,72694010,131.01,131.4,126.27,644
09/12/2022,136.45,53826860,134.095,136.49,134,643
09/09/2022,133.27,49422260,130.91,133.69,130.76,642
09/08/2022,129.82,43988510,127.72,130.28,127.1,641
09/07/2022,129.48,47834490,126.12,129.82,125.4,640
09/06/2022,126.11,43888590,127.92,128.62,124.74,639
09/02/2022,127.51,57429830,129.5,131.38,126.39,638
09/01/2022,127.82,56636150,126,128.02,123.66,637
08/31/2022,126.77,53648700,129.45,130.59,126.74,636
08/30/2022,128.73,49202990,131.25,132.0745,126.85,635
08/29/2022,129.79,48101640,129.9,131.9499,128.77,634
08/26/2022,130.75,53322660,136.55,137.83,130.5,633
08/25/2022,137.28,37496280,135.26,137.42,134.28,632
08/24/2022,133.8,38626980,132.75,135.47,132.1,631
08/23/2022,133.62,36252100,133.41,134.99,132.95,630
08/22/2022,133.22,50461500,135.72,136.32,132.85,629
08/19/2022,138.23,47792840,140.47,141.11,137.9142,628
08/18/2022,142.3,37458740,141.32,142.77,140.38,627
08/17/2022,142.1,48149780,142.69,143.38,140.78,626
08/16/2022,144.78,59102860,143.905,146.57,142,625
08/15/2022,143.18,39014580,142.8,143.76,141.49,624
08/12/2022,143.55,47643480,142.05,143.57,140.1201,623
08/11/2022,140.64,44867340,143.86,144.49,139.76,622
08/10/2022,142.69,54773820,142.9,144.6,141.01,621
08/09/2022,137.83,40434720,138.052,138.9523,136.21,620
08/08/2022,139.41,52303480,142.05,144.23,138.29,619
08/05/2022,140.8,50686870,140.1,142.86,139.6,618
08/04/2022,142.57,70585020,140.58,143.56,139.55,617
08/03/2022,139.52,71827780,136.21,140.49,136.05,616
08/02/2022,134.16,61922430,134.72,137.44,134.09,615
08/01/2022,135.39,76846910,134.96,138.8339,133.51,614
07/29/2022,134.95,148892900,134.9,137.65,132.41,613
07/28/2022,122.28,82245540,121.57,122.84,118.08,612
07/27/2022,120.97,61582020,117.31,121.9,117.16,611
07/26/2022,114.81,67075060,115.79,118.15,114.53,610
07/25/2022,121.14,50221260,122.695,123.64,120.03,609
07/22/2022,122.42,51463800,125.01,125.5,121.3504,608
07/21/2022,124.63,60239890,123.2,124.85,121.26,607
07/20/2022,122.77,71268320,118.615,123.475,118.32,606
07/19/2022,118.21,60990040,115.7,118.95,114.03,605
07/18/2022,113.76,59115420,115,117.24,113.15,604
07/15/2022,113.55,84317820,112.5,115.59,111.59,603
07/14/2022,110.63,51163140,110.24,111.18,107.58,602
07/13/2022,110.4,61353810,107.03,111.78,106.01,601
07/12/2022,109.22,54280260,112.16,113.23,108.34,600
07/11/2022,111.75,53540020,114.08,114.3,110.87,599
07/08/2022,115.54,45719690,114.6,116.58,113.69,598
07/07/2022,116.33,57872320,113.85,116.99,113.49,597
07/06/2022,114.33,66958880,113.21,115.48,112.01,596
07/05/2022,113.5,76684410,107.6,114.08,106.3242,595
07/01/2022,109.56,73021170,106.29,109.75,105.8469,594
06/30/2022,106.21,97679400,108.11,108.18,102.52,593
06/29/2022,108.92,66375340,107.38,110.99,106.91,592
06/28/2022,107.4,75172030,113.5,114.85,107.04,591
06/27/2022,113.22,62133240,117.09,117.98,112.7,590
06/24/2022,116.46,69867620,112.38,116.71,111.43,589
06/23/2022,112.44,64345300,110.39,113,107.93,588
06/22/2022,108.95,60040130,107.43,112.13,107.02,587
06/21/2022,108.68,70901250,108.2,111.6299,103.56,586
06/17/2022,106.22,99772150,102.8,106.98,102.51,585
06/16/2022,103.66,82186300,104.47,104.58,102.01,584
06/15/2022,107.67,85011060,103.86,109.06,103.53,583
06/14/2022,102.31,69728760,104.19,104.88,101.43,582
06/13/2022,103.67,99277740,104.19,106.54,101.86,581
06/10/2022,109.65,87412250,113.415,114.5,109.05,580
06/09/2022,116.15,67029840,119.99,121.3,116.1,579
06/08/2022,121.18,64926590,122.61,123.75,120.75,578
06/07/2022,123,85156710,122.005,124.1,120.63,577
06/06/2022,124.79,135269000,125.245,128.99,123.81,576
06/03/2022,122.35,97603320,124.2,124.4,121.0465,575
06/02/2022,125.511,100560680,121.684,125.61,120.045,574
06/01/2022,121.684,127528980,122.256,125.179,120.6223,573
05/31/2022,120.2095,144634160,116.28,121.9945,115.675,572
05/27/2022,115.1465,93660160,113.55,115.187,112.628,571
05/26/2022,111.0775,93002600,107.97,112.6655,107.4535,570
05/25/2022,106.775,93120100,103.6555,108.175,103.65,569
05/24/2022,104.1,102934680,104.025,105.4,101.26,568
05/23/2022,107.557,107797360,108.461,108.8188,103.95,567
05/20/2022,107.591,99500640,109.5685,109.898,105.0093,566
05/19/2022,107.319,88142540,106.2805,110.034,106.1929,565
05/18/2022,107.1125,108379180,111.4395,112.853,106.2488,564
05/17/2022,115.3685,76447740,113.275,115.8,111.2765,563
05/16/2022,110.8105,74565740,113.1,113.9925,110.3541,562
05/13/2022,113.055,93684560,109.069,113.184,107.8,561
05/12/2022,106.9305,132025140,102.75,110.7808,102.4055,560
05/11/2022,105.372,109703640,108.1035,110.156,104.4285,559
05/10/2022,108.859,105433820,111.25,112.6425,107.171,558
05/09/2022,108.789,128124380,111.3125,114,107.957,557
05/06/2022,114.7725,124259900,114.85,119.0505,113.0813,556
05/05/2022,116.407,144391220,123,123.499,115.0725,555
05/04/2022,125.9285,110745360,123.6,126,119.183,554
05/03/2022,124.2535,79133360,124.0535,126.2205,122.825,553
05/02/2022,124.5,148788980,122.401,124.6683,118.375,552
04/29/2022,124.2815,272661800,129.849,130.761,121.625,551
04/28/2022,144.5965,117316940,142.178,145.9375,140.3,550
04/27/2022,138.167,71336300,140.1915,141.9485,135.7835,549
04/26/2022,139.391,77529160,144.8,144.8558,138.9295,548
04/25/2022,146.074,61874980,144.023,146.2215,142.3065,547
04/22/2022,144.35,73078580,148.25,149.615,143.6975,546
04/21/2022,148.296,63969320,154.714,156.738,147.5895,545
04/20/2022,153.998,59630020,157.6025,157.6025,153.6035,544
04/19/2022,158.1155,54926420,152.0295,158.649,151.5505,543
04/18/2022,152.785,46513520,151.5235,154.0395,150.2505,542
04/14/2022,151.7065,51598140,155.39,155.897,151.4718,541
04/13/2022,155.541,53390880,150.0185,156.025,149.6,540
04/12/2022,150.7875,55177440,153.6925,155.099,150.383,539
04/11/2022,151.122,52112340,152.713,154.1365,150.5345,538
04/08/2022,154.4605,46001660,156.75,157.3685,154.2308,537
04/07/2022,157.7845,68136780,158.4,160.079,154.5115,536
04/06/2022,158.756,79055760,161.6505,162.2,157.2545,535
04/05/2022,164.055,53728560,167.7415,168.1105,163.266,534
04/04/2022,168.3465,50007960,164.125,168.3945,163.2055,533
04/01/2022,163.56,57089500,164.1495,165.827,162.3195,532
03/31/2022,162.9975,59965780,166.4448,166.495,162.9535,531
03/30/2022,166.301,56167260,168.5095,168.9505,165.5,530
03/29/2022,169.315,66153600,170.384,170.8315,167.8685,529
03/28/2022,168.9905,59853820,164.975,169.0375,164.9,528
03/25/2022,164.7735,49085500,164,165.3685,162.25,527
03/24/2022,163.6495,56798060,163.7495,164.1185,160.05,526
03/23/2022,163.408,55811860,163.705,166.37,162.687,525
03/22/2022,164.889,64086120,161.8055,166.167,161.699,524
03/21/2022,161.4915,66537520,161.1208,163.084,159.553,523
03/18/2022,161.2505,102962760,156.813,161.594,156.011,522
03/17/2022,157.239,72934840,152.6405,157.4985,152.14,521
03/16/2022,153.104,84957680,148.5,153.15,147.3535,520
03/15/2022,147.3665,75584600,142.85,147.985,142,519
03/14/2022,141.853,74086100,145.981,147.45,140.884,518
03/11/2022,145.5245,68900560,149.5745,149.675,145.369,517
03/10/2022,146.8175,135062900,145.685,148.6743,143.978,516
03/09/2022,139.279,82656660,139.5,140.25,136.828,515
03/08/2022,136.0145,91662580,136.6835,140.6995,133.5725,514
03/07/2022,137.453,86933860,145.4435,146.0945,137.4165,513
03/04/2022,145.641,60983120,147.159,147.85,143.807,512
03/03/2022,147.8985,65197200,153.5315,153.929,146.856,511
03/02/2022,152.0525,47334720,150.849,152.9995,148.75,510
03/01/2022,151.142,44873580,152.7325,154.099,149.977,509
02/28/2022,153.563,57683420,152.425,154.45,150.85,508
02/25/2022,153.7885,62395360,150.55,153.99,149.2135,507
02/24/2022,151.358,100785760,139.8375,151.749,139.5,506
02/23/2022,144.827,64243560,151.6505,151.763,144.651,505
02/22/2022,150.1975,66128240,150.4785,152.9825,148.4855,504
02/18/2022,152.6015,63604100,155.4995,155.4995,150.893,503
02/17/2022,154.6525,64032500,158.146,160.3488,154.5,502
02/16/2022,158.1005,52704280,155.7905,158.834,154.7345,501
02/15/2022,156.5105,56970660,157.6055,158.007,154.6375,500
02/14/2022,155.167,83230700,151.751,158.4483,151.65,499
02/11/2022,153.2935,77100440,158.1345,159,152.7338,498
02/10/2022,159.0035,68268120,158.35,160.7165,157.75,497
02/09/2022,161.1895,68785600,162.8735,163.8345,160.25,496
02/08/2022,161.4135,76040360,156.7505,161.7925,155.5505,495
02/07/2022,157.9355,102624380,158.52,162.6908,157.25,494
02/04/2022,157.6395,253455800,155.6065,161.2,150.608,493
02/03/2022,138.8455,225531400,141.7375,144.2475,138.333,492
02/02/2022,150.6125,87329760,155.0504,155.075,148.8636,491
02/01/2022,151.1935,59219840,150,151.708,147.6277,490
01/31/2022,149.5735,78307440,144.75,150.3605,144.3005,489
01/28/2022,143.978,74391980,140.8605,143.998,137.9293,488
01/27/2022,139.6375,77515800,140.8,144.2435,139.35,487
01/26/2022,138.8725,95601700,144.75,145.1848,137.3185,486
01/25/2022,139.986,90824660,142.2425,143.6,138.145,485
01/24/2022,144.544,156044740,139,144.945,135.352,484
01/21/2022,142.643,163971440,149.95,150.9,142.0704,483
01/20/2022,151.6675,71973320,156.766,158,151.351,482
01/19/2022,156.299,53241920,158.762,159.25,156.25,481
01/18/2022,158.9175,67441440,159.105,159.7345,157.6645,480
01/14/2022,162.138,45974860,160.15,162.25,159.8005,479
01/13/2022,161.214,52188300,165.2505,166.2215,161.091,478
01/12/2022,165.207,50029120,166.575,166.878,164.417,477
01/11/2022,165.362,62805580,161.5,166.35,160.7015,476
01/10/2022,161.486,87798300,160.5855,161.6615,156.3045,475
01/07/2022,162.554,46605900,163.839,165.2432,162.031,474
01/06/2022,163.254,51957780,163.4505,164.8,161.9372,473
01/05/2022,164.357,64302720,166.883,167.1263,164.357,472
01/04/2022,167.522,70725160,170.438,171.4,166.3495,471
01/03/2022,170.4045,63869140,167.55,170.7035,166.1605,470
12/31/2021,166.717,47830380,168.956,169.35,166.5585,469
12/30/2021,168.6445,37583100,169.7,170.888,168.524,468
12/29/2021,169.201,35754040,170.84,171.212,168.6005,467
12/28/2021,170.661,54711860,170.1825,172.1759,169.1355,466
12/27/2021,169.6695,58846820,171.037,172.943,169.2155,465
12/23/2021,171.0685,36788240,170.428,171.975,170.15,464
12/22/2021,171.037,55035460,169.2698,172.05,168.5005,463
12/21/2021,170.417,55955820,167.8505,170.7165,165.6475,462
12/20/2021,167.079,57372660,166.85,167.8743,165.6,461
12/17/2021,170.0175,85755160,167.7105,170.8985,165.6136,460
12/16/2021,168.871,60876840,173.3686,174.166,168.1603,459
12/15/2021,173.315,75794260,168.598,173.6,165.195,458
12/14/2021,169.0915,55975280,167.55,169.499,166.44,457
12/13/2021,169.5675,62169000,172,172.1,169.13,456
12/10/2021,172.212,60689760,175.417,175.927,170.5,455
12/09/2021,174.171,46061820,175.75,176.9695,174.1395,454
12/08/2021,176.158,45253660,176.1505,177.18,174.7505,453
12/07/2021,176.1645,66410720,174.6,177.4995,173.3345,452
12/06/2021,171.3685,68860000,169.65,173.6955,166.9345,451
12/03/2021,169.4895,80711000,172.75,173.4932,166.93,450
12/02/2021,171.868,64725760,173,174.635,171.1875,449
12/01/2021,172.186,75139900,177.25,177.994,172.08,448
11/30/2021,175.3535,80022140,178.175,179.2885,174.6005,447
11/29/2021,178.0785,65311140,177.3822,179.8,176.575,446
11/26/2021,175.228,59825940,180.1048,181.675,175.2075,445
11/24/2021,179.0205,46560360,178.1335,180.682,176.8425,444
11/23/2021,179.002,73844920,179.252,181.0525,176.3855,443
11/22/2021,178.6285,96957000,183.8189,185.6728,178.375,442
11/19/2021,183.8285,98924060,185.6345,188.1073,183.786,441
11/18/2021,184.803,114070760,178.3175,185.21,178.05,440
11/17/2021,177.45,51205400,178.236,179.3623,177.2675,439
11/16/2021,177.035,44341420,176.95,178.825,176.2573,438
11/15/2021,177.284,58594380,176.85,179.694,176.2905,437
11/12/2021,176.2575,53788680,174.25,177.0363,172.3525,436
11/11/2021,173.625,45288120,175.65,177.162,173.3735,435
11/10/2021,174.1025,80548440,178.1935,180.2725,173.1545,434
11/09/2021,178.8115,85898440,175.7625,179.6885,175.0713,433
11/08/2021,174.449,61479840,176.162,178.95,174.393,432
11/05/2021,175.9495,99939020,173.85,178.3125,173.849,431
11/04/2021,173.85,107060400,168.5,174.9313,168.25,430
11/03/2021,169.2,67943780,165.45,169.746,164.876,429
11/02/2021,165.6375,52551800,165.7505,166.5557,164.1775,428
11/01/2021,165.9055,72177580,168.09,168.793,164.601,427
10/29/2021,168.6215,129721540,165.001,168.741,163.666,426
10/28/2021,172.3285,114174660,170.1048,173.95,169.3,425
10/27/2021,169.6245,54044480,169.4,171.85,168.5727,424
10/26/2021,168.8035,53966840,167.4755,170.806,167.199,423
10/25/2021,166.0185,44519120,166.75,167.39,164.885,422
10/22/2021,166.7775,62781060,171.05,171.492,166.565,421
10/21/2021,171.7505,37627700,170.7125,172.014,170.15,420
10/20/2021,170.753,42795540,172.633,173.143,170.0185,419
10/19/2021,172.2075,47721580,171.7145,172.7345,171.1,418
10/18/2021,172.337,63482300,169.4179,172.4585,169.255,417
10/15/2021,170.451,103598820,165.571,170.521,165.2,416
10/14/2021,164.993,42240400,165.1227,165.63,164.539,415
10/13/2021,164.214,48501720,163.4855,164.419,163.0544,414
10/12/2021,162.3665,36391420,162.85,163.3764,161.814,413
10/11/2021,162.315,40684060,163.75,164.6295,161.905,412
10/08/2021,164.431,39964340,165.85,166.0715,164.41,411
10/07/2021,165.1215,48181500,164.577,166.2873,164.153,410
10/06/2021,163.1005,50659540,160.6765,163.217,159.931,409
10/05/2021,161.05,65384160,160.225,163.0365,160.1232,408
10/04/2021,159.489,90461140,163.9695,163.9995,158.8125,407
10/01/2021,164.163,56712340,164.4505,165.4587,162.797,406
09/30/2021,164.252,56940660,165.8,166.3925,163.6995,405
09/29/2021,165.056,51245360,166.1055,167.565,164.8935,404
09/28/2021,165.798,88616380,167.8855,168.4595,164.505,403
09/27/2021,170.29,72689000,168.575,170.7785,166.9805,402
09/24/2021,171.276,42324820,170.1005,171.463,169.67,401
09/23/2021,170.8,47588280,169.0025,171.448,169.0025,400
09/22/2021,169.0025,48228060,167.55,169.45,167.0525,399
09/21/2021,167.1815,55617560,168.75,168.985,166.6195,398
09/20/2021,167.7865,93382600,169.8,170.95,165.2505,397
09/17/2021,173.126,92331120,174.4208,174.8705,172.6065,396
09/16/2021,174.412,51671960,172.998,174.6275,172.3072,395
09/15/2021,173.7895,59150740,172.126,174.271,170.1005,394
09/14/2021,172.5,38737940,173.7775,174.3403,171.8855,393
09/13/2021,172.8585,51380440,174.14,174.898,171.9,392
09/10/2021,173.4575,47945380,175.0915,175.4225,173.1453,391
09/09/2021,174.208,54384820,176.301,177.4995,174.0185,390
09/08/2021,176.275,61067280,175.5825,177.2815,174.7835,389
09/07/2021,175.4645,54823680,173.9,176.4045,173.847,388
09/03/2021,173.9025,51566480,172.6,174.1335,171.822,387
09/02/2021,173.156,58511880,174.738,175.598,172.75,386
09/01/2021,173.95,72598220,174.8198,176.35,173.762,385
08/31/2021,173.5395,87128260,171.24,173.629,169.7795,384
08/30/2021,171.0785,63844880,167.8713,172.25,167.761,383
08/27/2021,167.4815,48047380,166.6615,167.616,165.6875,382
08/26/2021,165.8,41975220,164.95,166.6,164.8,381
08/25/2021,164.959,33606120,165.4935,166.05,164.3075,380
08/24/2021,165.289,51036820,164,165.7747,163.729,379
08/23/2021,163.2935,65362620,160.595,164.045,160.5003,378
08/20/2021,159.9975,67168560,160.1937,160.3905,158.788,377
08/19/2021,159.3875,75657240,159.701,161.65,159.1232,376
08/18/2021,160.061,56086220,162.0995,162.7049,160,375
08/17/2021,162.098,67758440,163.875,164.0245,161.284,374
08/16/2021,164.9495,66569880,164.15,165,160.5565,373
08/13/2021,164.6985,41133980,165.2835,165.3033,164.15,372
08/12/2021,165.175,46476460,164.5,165.7255,163.4835,371
08/11/2021,164.6055,58944980,166.5724,166.885,163.8895,370
08/10/2021,166.034,48251020,167.2505,167.9,165.75,369
08/09/2021,167.0935,42964400,167.1805,167.744,166.426,368
08/06/2021,167.247,52752880,168.75,168.75,166.4519,367
08/05/2021,168.7995,48670060,167.811,169.45,167.046,366
08/04/2021,167.736,43678900,168.9675,169.444,167.278,365
08/03/2021,168.312,83146860,167.036,169.55,164.9885,364
08/02/2021,166.574,67078300,167.655,167.946,165.85,363
07/30/2021,166.3795,199311860,167.3975,168.407,165.349,362
07/29/2021,179.996,110399040,181.3875,181.8975,179.0005,361
07/28/2021,181.516,59987560,181.689,182.921,180.05,360
07/27/2021,181.3195,82637800,184.925,184.925,179.3075,359
07/26/2021,184.991,58001360,183.6585,185.604,182.3625,358
07/23/2021,182.832,48725840,182,183.3055,181.102,357
07/22/2021,181.9015,65307040,179.3615,182.001,179.1135,356
07/21/2021,179.26,46379780,178.8188,179.3225,177.1821,355
07/20/2021,178.6595,65113600,178.366,179.6,175.9,354
07/19/2021,177.4795,75691900,176.629,177.5105,174.958,353
07/16/2021,178.6815,80874120,181.6655,182.303,178.5228,352
07/15/2021,181.56,63705840,184.71,184.77,181.046,351
07/14/2021,184.084,65931360,185.4425,185.883,183.0413,350
07/13/2021,183.868,76918340,185.105,188.6539,183.566,349
07/12/2021,185.9275,51432700,187.2,187.8645,184.8396,348
07/09/2021,185.967,74964740,186.126,187.4,184.6698,347
07/08/2021,186.5705,103612460,182.178,187.9993,181.056,346
07/07/2021,184.829,106561240,185.8689,186.71,183.9455,345
07/06/2021,183.787,134895360,176.5055,184.274,176.45,344
07/02/2021,175.549,63533940,172.582,175.586,171.846,343
07/01/2021,171.6485,40741060,171.7305,172.85,170.471,342
06/30/2021,172.008,48079840,172.053,173.5801,171.75,341
06/29/2021,172.407,41968780,171.941,172.8015,171.1515,340
06/28/2021,172.1945,44855860,170.8,172.4,170.6755,339
06/25/2021,170.073,78819940,173.2,173.241,169.709,338
06/24/2021,172.454,76639980,175.382,176.243,171.5425,337
06/23/2021,175.191,56266820,175.25,176.05,174.16,336
06/22/2021,175.272,66901640,172.903,176.189,172.8045,335
06/21/2021,172.698,65542600,173.821,174.1,171.7,334
06/18/2021,174.345,104954740,173.9995,175.35,173.6855,333
06/17/2021,174.462,102730620,170.159,174.86,170.05,332
06/16/2021,170.7625,84055640,169.6,171.3175,168.0265,331
06/15/2021,169.1565,48524000,169.2,169.8493,168.1555,330
06/14/2021,169.1935,51393100,167.3415,169.25,166.775,329
06/11/2021,167.3415,56347040,167.4825,168.329,166.6725,328
06/10/2021,167.4825,69529600,164.1005,167.55,164.0575,327
06/09/2021,164.0575,49110600,163.6435,164.879,163.535,326
06/08/2021,163.2055,68334600,161.1305,163.9766,160.9005,325
06/07/2021,159.9005,44315120,159.8665,160.4,158.61,324
06/04/2021,160.311,44994980,160.6,161.05,159.9405,323
06/03/2021,159.3505,47965860,160.2115,160.7218,159.2015,322
06/02/2021,161.6995,40290480,161.155,161.75,160.4,321
06/01/2021,160.9325,48600900,162.1748,162.549,160.453,320
05/28/2021,161.1535,46630180,162.1,162.3995,160.985,319
05/27/2021,161.5055,51223140,162.8,163.0178,161.502,318
05/26/2021,163.258,47679720,163.7296,164.7865,162.9255,317
05/25/2021,162.9525,65222180,163.3335,163.991,160.688,316
05/24/2021,162.2495,48456260,160.775,162.8975,160.525,315
05/21/2021,160.154,82097640,162.5,162.8347,159.8505,314
05/20/2021,162.384,52663840,162.2202,162.984,161.809,313
05/19/2021,161.59,53594160,159.75,161.7375,159.2,312
05/18/2021,161.614,56567820,164.6288,165.6,161.5185,311
05/17/2021,163.5195,73711980,162.2965,164.6375,161.7295,310
05/14/2021,161.145,66500440,159.278,161.443,159.15,309
05/13/2021,158.0735,67137540,159.2735,160.192,156.65,308
05/12/2021,157.597,98728200,159.25,160.397,156.655,307
05/11/2021,161.1955,92395620,156.814,161.9,156.3685,306
05/10/2021,159.5245,116772060,164.116,164.15,159.5,305
05/07/2021,164.5805,94205520,165.9545,166.5445,164.4535,304
05/06/2021,165.3185,88953920,163.5,165.72,162.36,303
05/05/2021,163.527,74226160,166.9428,167.7348,163.218,302
05/04/2021,165.5935,108788980,167.8095,168.3988,163.6065,301
05/03/2021,169.3245,117510600,174.2365,174.3323,168.6351,300
04/30/2021,173.371,140186920,176.256,177.7,173.125,299
04/29/2021,173.5655,153647620,175.2549,175.7223,171.75,298
04/28/2021,172.925,92637680,171.74,174.494,171.25,297
04/27/2021,170.8715,76542800,172.1735,173,169.9005,296
04/26/2021,170.45,97614160,167.4,171.4225,166.547,295
04/23/2021,167.044,63933040,165.955,168.75,165.425,294
04/22/2021,165.452,51611800,168.584,168.6435,165.0725,293
04/21/2021,168.101,44223320,165.8,168.143,165.1903,292
04/20/2021,166.7345,52460640,168.68,169.1495,165.8,291
04/19/2021,168.6005,54508100,169.5165,171.7967,168.008,290
04/16/2021,169.972,63720980,169,170.34,167.7795,289
04/15/2021,168.9545,64671600,168.55,169.85,167.6,288
04/14/2021,166.65,62904080,170.202,170.2065,166.3,287
04/13/2021,170,66316740,170.0423,171.6,169.7815,286
04/12/2021,168.9695,65635960,167.7605,169.752,167.5575,285
04/09/2021,168.61,86829460,165.235,168.61,164.445,284
04/08/2021,164.965,56241800,165.545,166.225,164.6,283
04/07/2021,163.9695,66924540,161.69,165.1806,161.1825,282
04/06/2021,161.191,50756180,161.1875,162.3655,160.852,281
04/05/2021,161.3365,66697640,158.65,161.7978,158.062,280
04/01/2021,158.05,58806360,155.897,158.122,155.7775,279
03/31/2021,154.704,61877920,153.203,155.9665,153.125,278
03/30/2021,152.7645,46752060,153.5005,153.65,151.7,277
03/29/2021,153.7865,54919360,152.772,154.5625,151.4223,276
03/26/2021,152.6015,66258480,152.203,152.833,149.8,275
03/25/2021,152.313,71269380,153.6495,155.489,151.857,274
03/24/2021,154.3535,59179620,157.552,158.0155,154.2575,273
03/23/2021,156.875,76345260,156.35,159.1,156.0425,272
03/22/2021,155.5435,58043580,153.3925,156.329,153.0025,271
03/19/2021,153.748,92507080,151.4615,153.8643,150.8315,270
03/18/2021,151.3995,73140540,155.05,155.8315,151.25,269
03/17/2021,156.7865,62371680,153.661,158.6525,153.511,268
03/16/2021,154.593,50775280,155.2485,156.4455,153.793,267
03/15/2021,154.084,58371840,153.7285,154.112,151.6045,266
03/12/2021,154.4745,48437760,153.75,154.949,152.275,265
03/11/2021,155.6795,55527820,155.2005,156.5892,154.1465,264
03/10/2021,152.882,60249780,154.9225,155.823,151.5025,263
03/09/2021,153.1425,80600640,150.8995,154.548,150.2574,262
03/08/2021,147.5975,83700160,150.75,153.2295,147.5655,261
03/05/2021,150.023,107771020,150.25,150.45,144.05,260
03/04/2021,148.8785,109631560,150.6,152.9065,147.2715,259
03/03/2021,150.25,79774500,154.059,155.3888,149.75,258
03/02/2021,154.7265,51915240,157.1735,158.176,154.356,257
03/01/2021,157.307,54679260,156.3945,157.478,154.8995,256
02/26/2021,154.6465,85518600,154.76,156.122,151.835,255
02/25/2021,152.858,90676020,156.837,158.913,152.388,254
02/24/2021,157.9765,60225500,158.3375,158.5615,156.269,253
02/23/2021,159.725,93544440,156.3515,160.2365,154.68,252
02/22/2021,159.037,70313580,160.4065,161.616,158.613,251
02/19/2021,162.495,86103680,166.4115,166.675,162.2875,250
02/18/2021,166.4115,60672140,164.121,166.9,163.697,249
02/17/2021,165.432,66041980,163.18,166.0455,162.975,248
02/16/2021,163.4475,51494420,162.7025,165.415,162.6796,247
02/12/2021,163.8855,46706780,162.5,164.0125,161.6655,246
02/11/2021,163.1065,46028340,164.6,164.6,162.403,245
02/10/2021,164.329,63031000,165.7,165.8977,162.7,244
02/09/2021,165.25,44070520,165.6245,166.9,164.892,243
02/08/2021,166.147,65147820,167.925,168.25,165.2,242
02/05/2021,167.6075,72416160,165.95,168.85,165.1355,241
02/04/2021,166.55,73413220,166.5,167.35,163.8875,240
02/03/2021,165.6265,141775620,171.2505,171.7,165.431,239
02/02/2021,169,141972740,169,171.387,168.0563,238
02/01/2021,167.144,83204240,162.118,167.513,161.7513,237
01/29/2021,160.31,85871120,161.5,161.8495,159.2275,236
01/28/2021,161.881,62984560,161.752,165.084,161.4345,235
01/27/2021,161.629,93203160,167.0745,167.326,160.354,234
01/26/2021,166.3065,59104700,164.8178,166.9,164.1435,233
01/25/2021,164.7,74995160,166.425,168.1945,162.1573,232
01/22/2021,164.6115,56438280,165.2155,166.0955,164.1582,231
01/21/2021,165.3495,98901020,164.65,167.4275,164.4784,230
01/20/2021,163.169,106196700,159.0995,163.99,158.75,229
01/19/2021,156.038,66102840,155.35,157.25,154.8,228
01/15/2021,155.2125,84879900,156.151,157.1273,154.7585,227
01/14/2021,156.3735,61418380,158.376,158.9,156.0295,226
01/13/2021,158.2945,66424880,156.422,159.4975,156.104,225
01/12/2021,156.0415,70291640,156,157.1071,154.3,224
01/11/2021,155.7105,73381900,157.4005,157.8192,155.5,223
01/08/2021,159.135,70754880,159,159.532,157.11,222
01/07/2021,158.108,70290900,157.85,160.4271,157.75,221
01/06/2021,156.919,87896300,157.324,159.8755,156.558,220
01/05/2021,160.9255,53110960,158.3005,161.169,158.253,219
01/04/2021,159.3315,88228980,163.5,163.6,157.201,218
12/31/2020,162.8465,59144120,163.75,164.1461,162.06,217
12/30/2020,164.2925,64186200,167.05,167.105,164.1235,216
12/29/2020,166.1,97458660,165.497,167.5325,164.0612,215
12/28/2020,164.198,113735740,159.7,165.2,158.6345,214
12/24/2020,158.6345,29038340,159.695,160.1,158.45,213
12/23/2020,159.2635,41875740,160.25,160.5065,159.2085,212
12/22/2020,160.326,47635620,160.1422,161.1,159.004,211
12/21/2020,160.309,76736920,160.0005,161.3483,158.3,210
12/18/2020,160.0825,119914260,162.1995,162.471,158.58,209
12/17/2020,161.804,69486940,162.5,163.1755,161.05,208
12/16/2020,162.048,88552320,158.8005,162.35,158.184,207
12/15/2020,158.256,66473720,159.0505,159.425,156.5245,206
12/14/2020,157.8485,83115880,157.15,159.5235,156.3,205
12/11/2020,155.821,61293900,154.833,155.9335,153.641,204
12/10/2020,155.0745,60603720,154.4495,157.105,153.8,203
12/09/2020,155.21,82016720,158.3945,158.7215,154.4,202
12/08/2020,158.8645,65726060,157.945,159.2065,156.001,201
12/07/2020,157.9,55026320,157.824,159.038,157.0845,200
12/04/2020,158.129,58272220,159.9105,159.9105,157.938,199
12/03/2020,159.3365,57840780,160.273,161.432,159.0655,198
12/02/2020,160.1765,62586080,161.0825,161.6,158.663,197
12/01/2020,161.004,90887640,159.425,162.4475,157.859,196
11/30/2020,158.402,81278320,160.424,161.4195,156.2775,195
11/27/2020,159.767,47857340,160.563,160.8095,159.5025,194
11/25/2020,159.2535,75808060,157.0935,159.9,157.013,193
11/24/2020,155.903,72042040,155.025,156.7125,154.3129,192
11/23/2020,154.9195,94177740,155.835,156.9873,153.273,191
11/20/2020,154.97,67602760,155.851,156.6445,154.9023,190
11/19/2020,155.851,60205400,155.2655,156.25,154.046,189
11/18/2020,155.273,58336720,156.7,157,155.255,188
11/17/2020,156.783,68894700,159.1773,159.4625,156.763,187
11/16/2020,156.553,76173520,154.66,157.135,153.6343,186
11/13/2020,156.4405,75251740,156.1,157.0861,154.2695,185
11/12/2020,155.514,87424160,157.9975,158.794,154.3025,184
11/11/2020,156.8695,87338460,153.089,156.9573,152.5,183
11/10/2020,151.751,131819120,154.751,155.7,150.9741,182
11/09/2020,157.187,143808120,161.5515,164.45,155.6053,181
11/06/2020,165.5685,92946600,165.232,166.1,161.6,180
11/05/2020,166.1,115785700,165.9985,168.34,164.444,179
11/04/2020,162.058,136780820,157.9995,162.2425,156.9865,178
11/03/2020,152.4205,97957600,150.9265,153.745,149.049,177
11/02/2020,150.224,145147000,153.087,153.9853,147.506,176
10/30/2020,151.8075,167921620,157.8875,158.3502,150.95,175
10/29/2020,160.5505,131930580,160.0635,162.8625,158.2,174
10/28/2020,158.139,111766600,162.465,163.201,158.1235,173
10/27/2020,164.3165,85820940,161.247,164.583,160.565,172
10/26/2020,160.352,118023020,159.937,164.149,157.665,171
10/23/2020,160.22,69333740,159.55,160.2665,157,170
10/22/2020,158.82,84240100,159.4935,159.9375,156.097,169
10/21/2020,159.247,91854720,160.625,161.6938,158,168
10/20/2020,160.8505,90193560,161.114,163.3,159.6005,167
10/19/2020,160.3605,104472520,164.9805,166.45,159.6368,166
10/16/2020,163.6355,129487060,168.1615,169.983,158,165
10/15/2020,166.9325,104468960,164.6005,167.794,164,164
10/14/2020,168.1855,116578320,172.35,173.244,167,163
10/13/2020,172.1815,114893940,173.3995,174.619,171.2109,162
10/12/2020,172.1465,167283960,167.497,174.812,166.9775,161
10/09/2020,164.3325,98157420,160.5,164.4495,159.8915,160
10/08/2020,159.5275,63482280,161.2495,161.6647,158.7495,159
10/07/2020,159.7845,86188780,156.75,160,156.6193,158
10/06/2020,154.998,101737140,158.25,159.1,154.5,157
10/05/2020,159.96,75506640,157.292,160.1265,157.0425,156
10/02/2020,156.25,112261960,157.6815,159.7898,156.15,155
10/01/2020,161.063,99438440,160.4,161.2,158.6,154
09/30/2020,157.4365,97922020,157.057,160.644,156.6995,153
09/29/2020,157.244,70067960,158.7695,159.413,156.627,152
09/28/2020,158.7025,84483300,157.4425,158.752,155.8584,151
09/25/2020,154.7565,92304040,152.743,155.077,149.95,150
09/24/2020,150.9895,110587840,148.8895,153.465,148.25,149
09/23/2020,149.993,113053300,156.0215,156.35,149.6188,148
09/22/2020,156.4495,138976320,151.6918,156.6995,150.01,147
09/21/2020,148.0235,122358500,145.325,148.1,143.55,146
09/18/2020,147.7455,177851600,151.587,151.89,145.277,145
09/17/2020,150.4365,128981000,150.4625,151.4716,148.6275,144
09/16/2020,153.905,90623780,158.9995,159.3619,153.7075,143
09/15/2020,157.8065,80430700,156.808,158.751,155.446,142
09/14/2020,155.1485,90591920,158.6469,159.3695,154.8,141
09/11/2020,155.811,101879640,160.4345,160.867,154.199,140
09/10/2020,158.7555,106614820,165.361,167.4945,158.5275,139
09/09/2020,163.4305,103773500,160.1495,165.1588,159.25,138
09/08/2020,157.492,121884100,157.2,162.5423,156.5,137
09/04/2020,164.731,175635080,165.9,169.075,155.5565,136
09/03/2020,168.4,163222260,174.25,174.4205,165.15,135
09/02/2020,176.5725,78629520,177.35,177.6125,174.3343,134
09/01/2020,174.956,69528140,174.479,175.6935,173.35,133
08/31/2020,172.548,83717700,170.4495,174.75,170.25,132
08/28/2020,170.09,57939560,171.15,171.6685,169.325,131
08/27/2020,170,85295900,172.5025,172.65,168.9,130
08/26/2020,172.0925,130174860,167.5555,172.5869,167.2284,129
08/25/2020,167.3245,79856840,164.7495,167.87,163.35,128
08/24/2020,165.373,93325160,165.5075,169.0158,162.878,127
08/21/2020,164.236,71517240,164.75,165.7198,163.7695,126
08/20/2020,164.8685,66649560,162.6,165.631,161.9,125
08/19/2020,163.024,83702740,165.1505,165.795,162.8,124
08/18/2020,165.6245,106919480,160.6,166,160.2909,123
08/17/2020,159.1205,53824740,158.656,159.7485,157.7089,122
08/14/2020,157.401,55034460,158.909,158.9118,156,121
08/13/2020,158.051,62980860,159.1495,160.8761,157.75,120
08/12/2020,158.112,70544580,155.4,158.7193,155.071,119
08/11/2020,154.0335,74361140,155.66,157.961,153.65,118
08/10/2020,157.408,63345480,158.5155,158.6255,155.076,117
08/07/2020,158.373,78722540,161.2005,162.0405,157.0336,116
08/06/2020,161.25,78812040,159.718,162.3735,158.2715,115
08/05/2020,160.2515,78600500,157.1885,160.6793,156.365,114
08/04/2020,156.9415,93885880,155.0605,158.362,155.0605,113
08/03/2020,155.5945,101493260,159.0255,159.2,155.2,112
07/31/2020,158.234,161667380,162.2,162.341,157.55,111
07/30/2020,152.594,122565300,150.7,154.6,150.25,110
07/29/2020,151.6765,59481200,151.5495,151.958,149.8385,109
07/28/2020,150.0165,62533020,152.7135,153.8546,149.788,108
07/27/2020,152.7605,83409840,153.1,154.9,150.7885,107
07/24/2020,150.4455,112648260,146.5,151.579,144.4,106
07/23/2020,149.3275,113138120,154.9136,154.9136,148.5,105
07/22/2020,154.9955,82084500,156.25,157.5,153.263,104
07/21/2020,156.9145,122699300,161.6245,162.0288,155.286,103
07/20/2020,159.842,151963520,150.01,160.068,149.7009,102
07/17/2020,148.0985,95226380,150.45,151.2,147.4225,101
07/16/2020,149.995,127884920,148.553,151.6,145.9115,100
07/15/2020,150.4435,115777480,154.0115,154.9175,148.659,99
07/14/2020,154.2,144638660,154.45,156.369,147.5,98
07/13/2020,155.2,154408400,162.553,167.2145,153.4195,97
07/10/2020,160,109719640,159.588,160.75,156.785,96
07/09/2020,159.1315,127773180,155.7995,159.694,153.7001,95
07/08/2020,154.0555,100752700,151.1305,154.1985,150.6215,94
07/07/2020,150.006,105150280,152.9275,153.4775,149.5,93
07/06/2020,152.852,137612840,146.7485,152.994,146.5,92
07/02/2020,144.515,131867740,145.6005,147.778,143.5551,91
07/01/2020,143.935,127268780,137.8995,144.75,137.7,90
06/30/2020,137.941,75393720,134.2533,138.4815,133.7515,89
06/29/2020,134.019,84468440,134.5005,134.84,131.504,88
06/26/2020,134.6435,130015680,138.7528,139.1284,134.4,87
06/25/2020,137.729,59373140,136.9775,137.8115,135.607,86
06/24/2020,136.72,90532100,139,139.8,136.05,85
06/23/2020,138.2205,84634140,136.301,139.1555,135.902,84
06/22/2020,135.691,64175600,134.225,135.75,133.45,83
06/19/2020,133.7505,115539260,133.904,134.8715,132.95,82
06/18/2020,132.699,49755480,132.3505,132.982,131.8055,81
06/17/2020,132.049,59186320,132.375,132.75,131.591,80
06/16/2020,130.7635,71912980,131,131,128.8,79
06/15/2020,128.634,77466700,126.33,129.2,125.4,78
06/12/2020,127.251,108722540,130.0605,131.0738,125.1675,77
06/11/2020,127.898,116002140,130.175,133.569,126.8115,76
06/10/2020,132.3725,98920620,132.25,136.1175,131.313,75
06/09/2020,130.043,103519000,126.472,131.3215,126.25,74
06/08/2020,126.203,79413080,125.01,126.5,124.3668,73
06/05/2020,124.15,66128900,122.2255,124.4323,121.8565,72
06/04/2020,123.03,58974200,123.8715,125.377,122.5005,71
06/03/2020,123.92,53420480,123.4005,124.4,123.0585,70
06/02/2020,123.6205,50598060,123.35,123.6765,122.2655,69
06/01/2020,123.552,58760640,122.4,123.8465,122.2085,68
05/29/2020,122.1185,70586580,120.797,122.1185,119.9099,67
05/28/2020,120.055,63862720,119.2165,121.8485,118.9115,66
05/27/2020,120.5195,101138900,120.2495,120.679,116.5,65
05/26/2020,121.093,71363060,122.9,123.1,120.703,64
05/22/2020,121.844,57341580,122.7505,123.4925,121.5065,63
05/21/2020,122.337,102288060,125,126.2725,122.127,62
05/20/2020,124.897,79962860,123.8935,125.0005,123.3635,61
05/19/2020,122.4665,86409960,121.4915,124.2498,121.4485,60
05/18/2020,121.313,87331440,120.2173,121.65,119.2005,59
05/15/2020,120.489,84699020,118.426,120.55,117.8185,58
05/14/2020,119.4425,72962560,118.0505,119.5685,117.6605,57
05/13/2020,118.396,95658380,118.34,120.385,116.8902,56
05/12/2020,117.8475,61498320,120.5925,120.95,117.75,55
05/11/2020,120.45,65184620,118.735,120.9833,118.6055,54
05/08/2020,118.9805,64224560,118.607,119.3622,117.85,53
05/07/2020,118.3805,67928220,118.739,118.8,117.1555,52
05/06/2020,117.563,62356280,116.472,117.8725,116,51
05/05/2020,115.89,64849920,117,117.55,115.3563,50
05/04/2020,115.7995,97318520,112.819,116.349,112.819,49
05/01/2020,114.302,195452100,116.84,118.122,112.9095,48
04/30/2020,123.7,190692220,120.992,123.75,119.8005,47
04/29/2020,118.6355,91831860,116.5005,119.5945,115.5,46
04/28/2020,115.704,105388920,118.605,118.675,115.3,45
04/27/2020,118.8,112912900,122.16,122.244,118.15,44
04/24/2020,120.511,76635940,120.85,121.0217,119.1,43
04/23/2020,119.9725,101331040,119.999,121.211,119.104,42
04/22/2020,118.1745,84365900,118.45,119.7,117.55,41
04/21/2020,116.406,149533580,120.8305,121.4155,113.983,40
04/20/2020,119.6805,115413880,119.4975,122.249,119.3025,39
04/17/2020,118.75,158600200,118.6165,120,115.801,38
04/16/2020,120.4095,240764000,117.3,123.0499,116.75,37
04/15/2020,115.384,137331340,112.884,116.6685,112.25,36
04/14/2020,114.166,161743860,110.0235,114.6,109.3105,35
04/13/2020,108.4435,134334180,102,109,101.9,34
04/09/2020,102.138,93112340,102.215,102.65,100.883,33
04/08/2020,102.15,79546260,101.05,102.2,100.5575,32
04/07/2020,100.58,102279660,100.8555,101.786,99.881,31
04/06/2020,99.8795,115463620,96.8,99.926,96.501,30
04/03/2020,95.3295,72197400,95.5575,96.3165,94.4575,29
04/02/2020,95.9415,86719700,95.082,96.3763,94.5,28
04/01/2020,95.385,82437500,96.6485,97.248,94.65,27
03/31/2020,97.486,102472520,98.2175,99.651,97.2005,26
03/30/2020,98.1975,122521740,96.1415,98.6815,95.617,25
03/27/2020,95.005,107757940,96.543,96.9895,94.996,24
03/26/2020,97.7745,124702360,95.1,97.8245,94.4645,23
03/25/2020,94.292,129581460,96.0345,97.513,94.289,22
03/24/2020,97.005,142941600,97.5747,97.75,95.017,21
03/23/2020,95.1415,156169780,91.3875,95.97,90.6,20
03/20/2020,92.3045,196357000,96.3155,97.85,91.0365,19
03/19/2020,94.0465,207998800,93,97.25,91.6325,18
03/18/2020,91.5,192904360,87.5,92.083,87.25,17
03/17/2020,90.392,218342600,88.7735,92.8888,84.462,16
03/16/2020,84.4575,178345300,82.0755,87.9726,81.3016,15
03/13/2020,89.25,176194500,87.75,89.3155,84.031,14
03/12/2020,83.8305,226924200,86.099,88.25,83.75,13
03/11/2020,91.043,112936620,92.8925,93.566,90.075,12
03/10/2020,94.591,142666200,93.544,94.7135,90.9085,11
03/09/2020,90.0305,156264640,88.693,93.1385,88.0645,10
03/06/2020,95.0545,105471600,93.75,95.5435,93.475,9
03/05/2020,96.2015,94964200,96.65,98.036,95.5,8
03/04/2020,98.7915,95458380,97.3285,98.9,96.1,7
03/03/2020,95.4495,150689820,98.7685,99.8165,94.4045,6
03/02/2020,97.6975,135233020,95.3245,97.7255,93.5,5
02/28/2020,94.1875,189875940,90.7315,94.488,90.5564,4
02/27/2020,94.215,162879860,96.719,98.75,94.1381,3
02/26/2020,98.9795,104808040,98.514,100.7335,98.0225,2
02/25/2020,98.637,124381880,101.321,101.73,97.921,1
02/24/2020,100.4645,130939940,100.159,101.9648,99.3987,0